url,status,reason,title
https://couponpush.com/,indexable,indexable,"CouponPush - Best Coupons, Promo Codes & Deals 2026"
https://couponpush.com/about/,indexable,indexable,About Us | CouponPush
https://couponpush.com/blog/ajio-welcome-coupon.html,indexable,indexable,AJIO Welcome Coupon: Codes & Eligibility | CouponPush
https://couponpush.com/blog/amazon-welcome-offers-india.html,indexable,indexable,Amazon Welcome Offers for New Users | CouponPush
https://couponpush.com/blog/bigbasket-welcome-coupon.html,indexable,indexable,BigBasket Welcome Coupon: First-Order Guide | CouponPush
https://couponpush.com/blog/blinkit-welcome-coupon.html,indexable,indexable,Blinkit Welcome Coupon: Limits & Rules | CouponPush
https://couponpush.com/blog/firstcry-welcome-coupon.html,indexable,indexable,FirstCry Welcome Coupon: Eligibility | CouponPush
https://couponpush.com/blog/flipkart-welcome-coupon.html,indexable,indexable,Flipkart Welcome Coupon: New-User Offers | CouponPush
https://couponpush.com/blog/hostinger-coupon-code-india.html,indexable,indexable,"Hostinger Coupon Code India 2026: Prices, Offers, Review & Comparison | CouponPush"
https://couponpush.com/blog/,indexable,indexable,Shopping smarter starts here | CouponPush Blog
https://couponpush.com/blog/makemytrip-welcome-coupon.html,indexable,indexable,MakeMyTrip Welcome Coupon: First-Booking Rules | CouponPush
https://couponpush.com/blog/meesho-welcome-coupon.html,indexable,indexable,Meesho Welcome Coupon: First-Order Offers | CouponPush
https://couponpush.com/blog/nykaa-welcome-coupon.html,indexable,indexable,Nykaa Welcome Coupon: New-User Offers | CouponPush
https://couponpush.com/blog/swiggy-welcome-coupon.html,indexable,indexable,Swiggy Welcome Coupon: First-Order Terms | CouponPush
https://couponpush.com/blog/top-coupon-deals-websites-india.html,indexable,indexable,Top 6 Best Coupon & Deals Websites in India | CouponPush
https://couponpush.com/blog/zepto-welcome-coupon.html,indexable,indexable,Zepto Welcome Coupon: New-User Offer | CouponPush
https://couponpush.com/blog/zomato-welcome-coupon.html,indexable,indexable,Zomato Welcome Coupon: New-User Rules | CouponPush
https://couponpush.com/categories/,indexable,indexable,Coupon Categories | CouponPush
https://couponpush.com/contact/,indexable,indexable,Contact Us | CouponPush
https://couponpush.com/coupons/,indexable,indexable,All Coupons & Deals — Browse by Store and Category | CouponPush
https://couponpush.com/deals/,indexable,indexable,Today's Best Deals & Offers | CouponPush
https://couponpush.com/offers/,indexable,indexable,Seasonal Sales and Coupon Offers | CouponPush
https://couponpush.com/privacy-policy/,indexable,indexable,Privacy Policy | CouponPush
https://couponpush.com/search/,noindex,intentional coupon detail/search exclusion,Search Coupons and Stores | CouponPush
https://couponpush.com/stores/,indexable,indexable,All Coupon Stores | CouponPush
https://couponpush.com/terms/,indexable,indexable,Terms of Service | CouponPush
https://couponpush.com/stores/view/,noindex,insufficient active inventory or merchant copy/URL; editorial review required,Store Offers | CouponPush
https://couponpush.com/store/ajio/,indexable,indexable,Ajio Coupon Codes & Offers | CouponPush
https://couponpush.com/store/amazon/,indexable,indexable,Amazon Coupons &amp;amp;amp; Promo Codes India - Up to 80% Off 2025 | CouponPush
https://couponpush.com/store/blinkit/,indexable,indexable,Blinkit Coupon Code &amp; First Order Offers | CouponPush
https://couponpush.com/store/boat-lifestyle/,indexable,indexable,boAt Lifestyle Coupon Codes & Offers | CouponPush
https://couponpush.com/store/cetaphil-coupon-code/,indexable,indexable,Cetaphil Offers & Deals in India | CouponPush
https://couponpush.com/store/decathlon-coupon-code/,noindex,small inventory without sufficient merchant-specific copy,decathlon first order coupon​ | CouponPush
https://couponpush.com/store/deconstruct/,indexable,indexable,Deconstruct Coupon Codes & Offers | CouponPush
https://couponpush.com/store/derma-co-coupon-code/,indexable,indexable,Derma Coupon and discount | CouponPush
https://couponpush.com/store/dominos/,noindex,empty inventory; add supported offers before indexing,Domino's Coupon Code & Pizza Offers | CouponPush
https://couponpush.com/store/dot-key/,indexable,indexable,Dot & Key Coupon Codes & Offers | CouponPush
https://couponpush.com/store/dot-key-coupon-codes/,noindex,empty inventory; add supported offers before indexing,Dot &amp;Key Coupon Code | CouponPush
https://couponpush.com/store/flipkart/,indexable,indexable,Flipkart Coupon Codes & Offers | CouponPush
https://couponpush.com/store/foxtale/,indexable,indexable,Foxtale Coupon Codes & Offers | CouponPush
https://couponpush.com/store/hostinger/,indexable,indexable,hostinger coupon code for first time user
https://couponpush.com/store/hyphen/,indexable,indexable,Hyphen Coupon Codes & Offers | CouponPush
https://couponpush.com/store/kapiva-coupon-code/,indexable,indexable,Kapiva Coupon Code | CouponPush
https://couponpush.com/store/lenovo/,noindex,empty inventory; add supported offers before indexing,Lenovo Coupon Codes & Offers | CouponPush
https://couponpush.com/store/minimalist/,indexable,indexable,Minimalist Coupon Codes & Offers | CouponPush
https://couponpush.com/store/myntra/,noindex,empty inventory; add supported offers before indexing,Myntra Coupon Code - Up to 80% Off + Extra Discounts | May 2026 | CouponPush
https://couponpush.com/store/newme/,indexable,indexable,NEWME Coupon Codes & Offers | CouponPush
https://couponpush.com/store/pilgrim/,indexable,indexable,Pilgrim Coupon Codes & Offers | CouponPush
https://couponpush.com/store/plum/,indexable,indexable,Plum Coupon Codes & Offers | CouponPush
https://couponpush.com/store/redbus/,indexable,indexable,redBus Coupon Codes & Offers | CouponPush
https://couponpush.com/store/snitch/,indexable,indexable,Snitch Coupon Codes & Offers | CouponPush
https://couponpush.com/store/swiggy/,noindex,empty inventory; add supported offers before indexing,Swiggy Coupon Codes & Offers | CouponPush
https://couponpush.com/store/the-derma-co/,indexable,indexable,The Derma Co Coupon Codes & Offers | CouponPush
https://couponpush.com/store/zomato/,noindex,empty inventory; add supported offers before indexing,Zomato Coupon Codes & Offers | CouponPush
https://couponpush.com/coupon/12/,noindex,intentional coupon detail/search exclusion,"Fashion Nation Sale – Min 50% – 90% + Extra 10% OFF On Rs.1,990 + 10% Bank OFF | CouponPush"
https://couponpush.com/coupon/14/,noindex,intentional coupon detail/search exclusion,Dinner Set - Min 50% off | CouponPush
https://couponpush.com/coupon/15/,noindex,intentional coupon detail/search exclusion,Get Upto 77% OFF On Web Hosting Plans. | CouponPush
https://couponpush.com/coupon/166/,noindex,intentional coupon detail/search exclusion,Samsung Galaxy S25 Ultra 5G Amazon Great Summer Sale Deal | CouponPush
https://couponpush.com/coupon/167/,noindex,intentional coupon detail/search exclusion,iQOO 15R 5G Amazon Great Summer Sale Deal | CouponPush
https://couponpush.com/coupon/168/,noindex,intentional coupon detail/search exclusion,OnePlus 13R Amazon Great Summer Sale Deal | CouponPush
https://couponpush.com/coupon/169/,noindex,intentional coupon detail/search exclusion,Samsung Galaxy M56 5G Amazon Great Summer Sale Deal | CouponPush
https://couponpush.com/coupon/170/,noindex,intentional coupon detail/search exclusion,Samsung Galaxy M36 5G Amazon Great Summer Sale Deal | CouponPush
https://couponpush.com/coupon/171/,noindex,intentional coupon detail/search exclusion,iQOO TWS 1e Earbuds Amazon Great Summer Sale Deal | CouponPush
https://couponpush.com/coupon/172/,noindex,intentional coupon detail/search exclusion,Ambrane MagSafe 10000mAh Power Bank Amazon Sale Deal | CouponPush
https://couponpush.com/coupon/173/,noindex,intentional coupon detail/search exclusion,realme Buds Air 8 Amazon Great Summer Sale Deal | CouponPush
https://couponpush.com/coupon/174/,noindex,intentional coupon detail/search exclusion,Apple 2026 MacBook Air 13-inch M5 Amazon Sale Deal | CouponPush
https://couponpush.com/coupon/175/,noindex,intentional coupon detail/search exclusion,Lenovo LOQ 2024 Gaming Laptop Amazon Sale Deal | CouponPush
https://couponpush.com/coupon/176/,noindex,intentional coupon detail/search exclusion,OnePlus Nord CE 6 5G Amazon Great Summer Sale Deal | CouponPush
https://couponpush.com/coupon/177/,noindex,intentional coupon detail/search exclusion,Motorola Edge 70 Fusion Amazon Great Summer Sale Deal | CouponPush
https://couponpush.com/coupon/178/,noindex,intentional coupon detail/search exclusion,Redmi Note 15 5G Amazon Great Summer Sale Deal | CouponPush
https://couponpush.com/coupon/179/,noindex,intentional coupon detail/search exclusion,iQOO Z11x 5G Amazon Great Summer Sale Deal | CouponPush
https://couponpush.com/coupon/18/,noindex,intentional coupon detail/search exclusion,Flipkart Coupon Code for Earbuds : Get Up to 80% Off | CouponPush
https://couponpush.com/coupon/180/,noindex,intentional coupon detail/search exclusion,realme NARZO Power 5G Amazon Great Summer Sale Deal | CouponPush
https://couponpush.com/coupon/181/,noindex,intentional coupon detail/search exclusion,Vivo T5 Pro Amazon Great Summer Sale Deal | CouponPush
https://couponpush.com/coupon/182/,noindex,intentional coupon detail/search exclusion,Acer 32-inch Ultra I Series HD Smart LED Google TV Deal | CouponPush
https://couponpush.com/coupon/183/,noindex,intentional coupon detail/search exclusion,Xiaomi 32-inch A HD Ready Smart Google LED TV Deal | CouponPush
https://couponpush.com/coupon/184/,noindex,intentional coupon detail/search exclusion,Samsung 43-inch Crystal 4K Vista Smart LED TV Deal | CouponPush
https://couponpush.com/coupon/185/,noindex,intentional coupon detail/search exclusion,TCL 43-inch Metallic Bezel Less 4K Smart LED Google TV Deal | CouponPush
https://couponpush.com/coupon/19/,noindex,intentional coupon detail/search exclusion,Grab Your Favorite Apple iPhones at Unbeatable Prices | CouponPush
https://couponpush.com/coupon/20/,noindex,intentional coupon detail/search exclusion,Up To 90% OFF  + Additional 10% OFF On Web Hosting Plans | CouponPush
https://couponpush.com/coupon/21/,noindex,intentional coupon detail/search exclusion,"Save 36% on LG Smart TV – Just ₹13,490! | CouponPush"
https://couponpush.com/coupon/210/,noindex,intentional coupon detail/search exclusion,Coupon Offer | CouponPush
https://couponpush.com/coupon/22/,noindex,intentional coupon detail/search exclusion,"Laptops – Upto Rs.30,000 On Apple Macbooks, Lenovo, more | CouponPush"
https://couponpush.com/coupon/23/,noindex,intentional coupon detail/search exclusion,Hostinger Premium Hosting - 81% OFF + 2 Months Free | CouponPush
https://couponpush.com/coupon/24/,noindex,intentional coupon detail/search exclusion,Get 88% Off Managed WordPress Hosting + Free Domain &amp;amp; Extra 20% Coupon | CouponPush
https://couponpush.com/coupon/25/,noindex,intentional coupon detail/search exclusion,72% OFF VPS Hosting (Includes an Exclusive 15%  Coupon Code) | CouponPush
https://couponpush.com/coupon/26/,noindex,intentional coupon detail/search exclusion,Skin Foods Glow Mix - For Glowing &amp; Healthy Skin | CouponPush
https://couponpush.com/coupon/262/,noindex,intentional coupon detail/search exclusion,redBus First Booking Save up to Rs.250 | CouponPush
https://couponpush.com/coupon/263/,noindex,intentional coupon detail/search exclusion,redBus AP and Telangana Routes Save up to Rs.300 | CouponPush
https://couponpush.com/coupon/264/,noindex,intentional coupon detail/search exclusion,redBus BUS300 Coupon Save up to Rs.300 | CouponPush
https://couponpush.com/coupon/265/,noindex,intentional coupon detail/search exclusion,redBus Karnataka Tamil Nadu Kerala Routes Save up to Rs.300 | CouponPush
https://couponpush.com/coupon/266/,noindex,intentional coupon detail/search exclusion,redBus IDFC FIRST Bank Credit Card Save up to Rs.500 | CouponPush
https://couponpush.com/coupon/267/,noindex,intentional coupon detail/search exclusion,redBus RBL Bank Credit Card Save up to Rs.500 | CouponPush
https://couponpush.com/coupon/268/,noindex,intentional coupon detail/search exclusion,redBus AU Bank Credit Card Save up to Rs.200 | CouponPush
https://couponpush.com/coupon/269/,noindex,intentional coupon detail/search exclusion,redBus Axis Bank Credit Card Save up to Rs.500 | CouponPush
https://couponpush.com/coupon/27/,noindex,intentional coupon detail/search exclusion,Tulsi Anti Acne Serum — Acne-Free Clear Skin | CouponPush
https://couponpush.com/coupon/270/,noindex,intentional coupon detail/search exclusion,redBus Primo Operators Save up to Rs.200 | CouponPush
https://couponpush.com/coupon/271/,noindex,intentional coupon detail/search exclusion,redBus RED500 Coupon Save up to Rs.500 | CouponPush
https://couponpush.com/coupon/272/,noindex,intentional coupon detail/search exclusion,redBus GSRTC Buses Save up to Rs.300 | CouponPush
https://couponpush.com/coupon/273/,noindex,intentional coupon detail/search exclusion,redBus Chartered Bus Save up to Rs.300 | CouponPush
https://couponpush.com/coupon/274/,noindex,intentional coupon detail/search exclusion,redBus UPSRTC 10% Off up to Rs.50 | CouponPush
https://couponpush.com/coupon/275/,noindex,intentional coupon detail/search exclusion,redBus KSRTC Bus Tickets Save up to Rs.300 | CouponPush
https://couponpush.com/coupon/276/,noindex,intentional coupon detail/search exclusion,redBus IntrCity SmartBus Save up to Rs.50 | CouponPush
https://couponpush.com/coupon/277/,noindex,intentional coupon detail/search exclusion,redBus General Bus Ticket Save up to Rs.100 | CouponPush
https://couponpush.com/coupon/278/,noindex,intentional coupon detail/search exclusion,redBus GSRTC Buses Save up to Rs.50 | CouponPush
https://couponpush.com/coupon/279/,noindex,intentional coupon detail/search exclusion,redBus TGSRTC Bus Tickets Save up to Rs.300 | CouponPush
https://couponpush.com/coupon/280/,noindex,intentional coupon detail/search exclusion,redBus TGSRTC10 Coupon Save up to Rs.150 | CouponPush
https://couponpush.com/coupon/281/,noindex,intentional coupon detail/search exclusion,redBus Student Offer Get up to Rs.400 | CouponPush
https://couponpush.com/coupon/282/,noindex,intentional coupon detail/search exclusion,redBus OSRTC Bus Tickets Save up to Rs.300 | CouponPush
https://couponpush.com/coupon/283/,noindex,intentional coupon detail/search exclusion,redBus OSRTC Bus Tickets Save up to Rs.50 | CouponPush
https://couponpush.com/coupon/284/,noindex,intentional coupon detail/search exclusion,redBus Sanjay Travels Save up to Rs.100 | CouponPush
https://couponpush.com/coupon/285/,noindex,intentional coupon detail/search exclusion,redBus PSR Travels Save up to Rs.100 | CouponPush
https://couponpush.com/coupon/286/,noindex,intentional coupon detail/search exclusion,redBus Mahalaxmi Travels Save up to Rs.100 | CouponPush
https://couponpush.com/coupon/287/,noindex,intentional coupon detail/search exclusion,redBus FlixBus 15% Off | CouponPush
https://couponpush.com/coupon/288/,noindex,intentional coupon detail/search exclusion,redBus RCT SmartBus Save up to Rs.50 | CouponPush
https://couponpush.com/coupon/289/,noindex,intentional coupon detail/search exclusion,redBus RTCNEW Coupon Save up to Rs.300 | CouponPush
https://couponpush.com/coupon/290/,noindex,intentional coupon detail/search exclusion,redBus NueGo Save up to Rs.100 | CouponPush
https://couponpush.com/coupon/291/,noindex,intentional coupon detail/search exclusion,redBus App Booking 10% Off with APP10 | CouponPush
https://couponpush.com/coupon/292/,noindex,intentional coupon detail/search exclusion,redBus Summer Sale 7.5% Off up to Rs.300 | CouponPush
https://couponpush.com/coupon/30/,noindex,intentional coupon detail/search exclusion,Buy Any 2  For 799 | CouponPush
https://couponpush.com/coupon/32/,noindex,intentional coupon detail/search exclusion,Puma - Up To 70% Off on Men&#039;s T Shirts | CouponPush
https://couponpush.com/coupon/33/,noindex,intentional coupon detail/search exclusion,"Up to 80% Off on Top Fashion Brands (Aldo, Allen Solly, Adidas, Biba &amp; More) | CouponPush"
https://couponpush.com/coupon/34/,noindex,intentional coupon detail/search exclusion,Decathlon - Upto 50% Off + Upto Rs 100 On Purchase above Rs 1499 | Rs200 Off On 2499 | Rs 300 Off on 3499 | CouponPush
https://couponpush.com/coupon/341/,noindex,intentional coupon detail/search exclusion,Amazon Prime Day 2026 - Join Prime for Blockbuster Entertainment and Faster Delivery | CouponPush
https://couponpush.com/coupon/342/,noindex,intentional coupon detail/search exclusion,Amazon Prime Day 2026 - Same Day Delivery Benefit with Prime | CouponPush
https://couponpush.com/coupon/343/,noindex,intentional coupon detail/search exclusion,Amazon Prime Day 2026 - Prime Video Blockbuster Entertainment Access | CouponPush
https://couponpush.com/coupon/345/,noindex,intentional coupon detail/search exclusion,Coupon Offer | CouponPush
https://couponpush.com/coupon/347/,noindex,intentional coupon detail/search exclusion,Coupon Offer | CouponPush
https://couponpush.com/coupon/348/,noindex,intentional coupon detail/search exclusion,Coupon Offer | CouponPush
https://couponpush.com/coupon/349/,noindex,intentional coupon detail/search exclusion,Coupon Offer | CouponPush
https://couponpush.com/coupon/35/,noindex,intentional coupon detail/search exclusion,New Arrivals At ₹99 Shop Decathlon | CouponPush
https://couponpush.com/coupon/350/,noindex,intentional coupon detail/search exclusion,Cetaphil India Club: receive promotions by email | CouponPush
https://couponpush.com/coupon/351/,noindex,intentional coupon detail/search exclusion,Coupon Offer | CouponPush
https://couponpush.com/coupon/352/,noindex,intentional coupon detail/search exclusion,Coupon Offer | CouponPush
https://couponpush.com/coupon/355/,noindex,intentional coupon detail/search exclusion,Coupon Offer | CouponPush
https://couponpush.com/coupon/356/,noindex,intentional coupon detail/search exclusion,Coupon Offer | CouponPush
https://couponpush.com/coupon/357/,noindex,intentional coupon detail/search exclusion,Coupon Offer | CouponPush
https://couponpush.com/coupon/358/,noindex,intentional coupon detail/search exclusion,Coupon Offer | CouponPush
https://couponpush.com/coupon/359/,noindex,intentional coupon detail/search exclusion,Coupon Offer | CouponPush
https://couponpush.com/coupon/361/,noindex,intentional coupon detail/search exclusion,Coupon Offer | CouponPush
https://couponpush.com/coupon/362/,noindex,intentional coupon detail/search exclusion,Coupon Offer | CouponPush
https://couponpush.com/coupon/363/,noindex,intentional coupon detail/search exclusion,Coupon Offer | CouponPush
https://couponpush.com/coupon/364/,noindex,intentional coupon detail/search exclusion,Coupon Offer | CouponPush
https://couponpush.com/coupon/365/,noindex,intentional coupon detail/search exclusion,Coupon Offer | CouponPush
https://couponpush.com/coupon/366/,noindex,intentional coupon detail/search exclusion,Coupon Offer | CouponPush
https://couponpush.com/coupon/367/,noindex,intentional coupon detail/search exclusion,Coupon Offer | CouponPush
https://couponpush.com/coupon/368/,noindex,intentional coupon detail/search exclusion,Coupon Offer | CouponPush
https://couponpush.com/coupon/369/,noindex,intentional coupon detail/search exclusion,Coupon Offer | CouponPush
https://couponpush.com/coupon/37/,noindex,intentional coupon detail/search exclusion,LG 139 cm (55 inches) UA82 AI Series 4K Ultra HD (3840 x 2160) Smart webOS LED TV 55UA82006LA | CouponPush
https://couponpush.com/coupon/370/,noindex,intentional coupon detail/search exclusion,Coupon Offer | CouponPush
https://couponpush.com/coupon/371/,noindex,intentional coupon detail/search exclusion,Coupon Offer | CouponPush
https://couponpush.com/coupon/372/,noindex,intentional coupon detail/search exclusion,Coupon Offer | CouponPush
https://couponpush.com/coupon/373/,noindex,intentional coupon detail/search exclusion,Coupon Offer | CouponPush
https://couponpush.com/coupon/374/,noindex,intentional coupon detail/search exclusion,Coupon Offer | CouponPush
https://couponpush.com/coupon/375/,noindex,intentional coupon detail/search exclusion,Hostinger Business - 83% OFF | CouponPush
https://couponpush.com/coupon/376/,noindex,intentional coupon detail/search exclusion,Hostinger Single - 83% OFF | CouponPush
https://couponpush.com/coupon/377/,noindex,intentional coupon detail/search exclusion,Hostinger Premium - 76% OFF | CouponPush
https://couponpush.com/coupon/378/,noindex,intentional coupon detail/search exclusion,Hostinger AI Builder - 66% OFF | CouponPush
https://couponpush.com/coupon/379/,noindex,intentional coupon detail/search exclusion,Hostinger Cloud Startup - 67% OFF | CouponPush
https://couponpush.com/coupon/380/,noindex,intentional coupon detail/search exclusion,Deconstruct Flat 25% OFF Sitewide - Code FLAT25 | CouponPush
https://couponpush.com/coupon/381/,noindex,intentional coupon detail/search exclusion,Deconstruct Buy 1 Get 1 Free on Sunscreens - Auto Applied | CouponPush
https://couponpush.com/coupon/382/,noindex,intentional coupon detail/search exclusion,Deconstruct Buy 2 Get 1 Free on Serums - Code B2G1 | CouponPush
https://couponpush.com/coupon/383/,noindex,intentional coupon detail/search exclusion,Dot & Key Flat 25% OFF on Combos - Code COMBO25 | CouponPush
https://couponpush.com/coupon/384/,noindex,intentional coupon detail/search exclusion,Dot & Key Up To 20% OFF Sitewide Sale | CouponPush
https://couponpush.com/coupon/385/,noindex,intentional coupon detail/search exclusion,Dot & Key Buy Any 2 Products @ Rs.699 | CouponPush
https://couponpush.com/coupon/386/,noindex,intentional coupon detail/search exclusion,Dot & Key Buy Any 4 @ Rs.1295 + 2 Free Gifts | CouponPush
https://couponpush.com/coupon/387/,noindex,intentional coupon detail/search exclusion,Foxtale Extra 15% OFF Sitewide - Use Code GLOW15 | CouponPush
https://couponpush.com/coupon/388/,noindex,intentional coupon detail/search exclusion,Foxtale Buy Any 2 Products @ Rs.699 - Code FOX699 | CouponPush
https://couponpush.com/coupon/389/,noindex,intentional coupon detail/search exclusion,Foxtale Flat 15% OFF + 10% FoxCoins Cashback - Code GLOW20 | CouponPush
https://couponpush.com/coupon/39/,noindex,intentional coupon detail/search exclusion,boAt Newsletter Exclusive 10% Off | CouponPush
https://couponpush.com/coupon/390/,noindex,intentional coupon detail/search exclusion,Foxtale Buy 2 Get 2 Free + 2 Free Gifts - Auto Deal | CouponPush
https://couponpush.com/coupon/391/,noindex,intentional coupon detail/search exclusion,Hyphen Flat 10% OFF + 5% Prepaid - Code HYP15 | CouponPush
https://couponpush.com/coupon/392/,noindex,intentional coupon detail/search exclusion,Hyphen Buy Any 2 Products @ Rs.799 - Code BUY799 | CouponPush
https://couponpush.com/coupon/393/,noindex,intentional coupon detail/search exclusion,Minimalist Buy 2 Get 1 Free - Official B2G1 Offer | CouponPush
https://couponpush.com/coupon/394/,noindex,intentional coupon detail/search exclusion,NEWME First Order 10% OFF Up To Rs.75 - Code FIRST10 | CouponPush
https://couponpush.com/coupon/395/,noindex,intentional coupon detail/search exclusion,Pilgrim Buy 1 Get 1 Free - Code B1G1 | CouponPush
https://couponpush.com/coupon/396/,noindex,intentional coupon detail/search exclusion,Pilgrim Buy 2 Get 3 Free - Official Page Offer | CouponPush
https://couponpush.com/coupon/397/,noindex,intentional coupon detail/search exclusion,Plum Welcome Offer - Code PLUMFIRST on First Order | CouponPush
https://couponpush.com/coupon/398/,noindex,intentional coupon detail/search exclusion,Plum Flat 30% OFF on Combos | CouponPush
https://couponpush.com/coupon/399/,noindex,intentional coupon detail/search exclusion,Plum Deal of the Day - Up To 20% OFF + Extra Rs.50 OFF | CouponPush
https://couponpush.com/coupon/40/,noindex,intentional coupon detail/search exclusion,boAt ROCK300 Special Discount | CouponPush
https://couponpush.com/coupon/400/,noindex,intentional coupon detail/search exclusion,Snitch Flat 20% OFF Above Rs.4599 - Code FLAT20 | CouponPush
https://couponpush.com/coupon/401/,noindex,intentional coupon detail/search exclusion,The Derma Co Flat 30% OFF Above Rs.1499 - Code FLAT30 | CouponPush
https://couponpush.com/coupon/402/,noindex,intentional coupon detail/search exclusion,The Derma Co 50% OFF Above Rs.2499 - Code GET50 | CouponPush
https://couponpush.com/coupon/403/,noindex,intentional coupon detail/search exclusion,"Cetaphil Up To 21% OFF via Authorised Retailers (Amazon, Moglix) | CouponPush"
https://couponpush.com/coupon/404/,noindex,intentional coupon detail/search exclusion,Cetaphil Extra 5% OFF via Apollo Pharmacy Brand Pass | CouponPush
https://couponpush.com/coupon/405/,noindex,intentional coupon detail/search exclusion,Cetaphil Gentle Cleansing + Moisturising Combo 8% OFF on Nykaa | CouponPush
https://couponpush.com/coupon/406/,noindex,intentional coupon detail/search exclusion,Deconstruct Buy 2 @ Rs.599 / Buy 3 @ Rs.899 + 10% Dcoins Cashback | CouponPush
https://couponpush.com/coupon/407/,noindex,intentional coupon detail/search exclusion,Deconstruct Combos Under Rs.999 + Up To 30% OFF on Combos | CouponPush
https://couponpush.com/coupon/408/,noindex,intentional coupon detail/search exclusion,Dot & Key Free Gift Above Rs.799 + 2 Gifts Above Rs.1049 | CouponPush
https://couponpush.com/coupon/409/,noindex,intentional coupon detail/search exclusion,Dot & Key Extra 5% OFF on Prepaid Orders | CouponPush
https://couponpush.com/coupon/41/,noindex,intentional coupon detail/search exclusion,boAt 10% Off Sitewide | CouponPush
https://couponpush.com/coupon/410/,noindex,intentional coupon detail/search exclusion,Dot & Key Buy Any 3 @ Rs.999 + Free Gift | CouponPush
https://couponpush.com/coupon/411/,noindex,intentional coupon detail/search exclusion,Dot & Key Flat 35% OFF on Combos + Free Gift | CouponPush
https://couponpush.com/coupon/412/,noindex,intentional coupon detail/search exclusion,Dot & Key Buy 2 Get 2 Free - Auto Applied | CouponPush
https://couponpush.com/coupon/413/,noindex,intentional coupon detail/search exclusion,Foxtale Sitewide Up To 20% OFF - Auto Applied | CouponPush
https://couponpush.com/coupon/414/,noindex,intentional coupon detail/search exclusion,Foxtale Up To 15% OFF - Code DETAN15 | CouponPush
https://couponpush.com/coupon/415/,noindex,intentional coupon detail/search exclusion,Foxtale Refer & Earn - Wallet Credits for You and Friend | CouponPush
https://couponpush.com/coupon/416/,noindex,intentional coupon detail/search exclusion,Foxtale Buy 3 at Rs.1099 Value Bundle | CouponPush
https://couponpush.com/coupon/417/,noindex,intentional coupon detail/search exclusion,Hyphen Buy Any 3 Products @ Rs.1149 - Code BUY1149 | CouponPush
https://couponpush.com/coupon/418/,noindex,intentional coupon detail/search exclusion,Hyphen 10% HyCash on Every Order - App Redeem Up To 25% | CouponPush
https://couponpush.com/coupon/419/,noindex,intentional coupon detail/search exclusion,Hyphen Juicy Lips Kit - 3 Lip Balms Bundle Deal | CouponPush
https://couponpush.com/coupon/42/,noindex,intentional coupon detail/search exclusion,boAt Extra 15% Off on All Orders | CouponPush
https://couponpush.com/coupon/420/,noindex,intentional coupon detail/search exclusion,Minimalist Skin Repair Kit - Up To 33% OFF + Freebies | CouponPush
https://couponpush.com/coupon/421/,noindex,intentional coupon detail/search exclusion,Minimalist Free Shipping on All Orders + MCash Rewards | CouponPush
https://couponpush.com/coupon/422/,noindex,intentional coupon detail/search exclusion,Minimalist Buy 3 Get 4th Free | CouponPush
https://couponpush.com/coupon/423/,noindex,intentional coupon detail/search exclusion,Minimalist Buy 2 Get Free Salicylic Acid Cleanser 100ml | CouponPush
https://couponpush.com/coupon/424/,noindex,intentional coupon detail/search exclusion,Minimalist Paytm Special - Buy 2 Get Free Glass Bottle | CouponPush
https://couponpush.com/coupon/425/,noindex,intentional coupon detail/search exclusion,Minimalist Tribe Review Cashback - 50% Wallet Credit | CouponPush
https://couponpush.com/coupon/426/,noindex,intentional coupon detail/search exclusion,NEWME Flat 15% OFF on App Purchases | CouponPush
https://couponpush.com/coupon/427/,noindex,intentional coupon detail/search exclusion,NEWME Free Surprise Return Gift on App Orders Above Rs.1199 | CouponPush
https://couponpush.com/coupon/428/,noindex,intentional coupon detail/search exclusion,NEWME Refer & Earn Up To Rs.500 | CouponPush
https://couponpush.com/coupon/429/,noindex,intentional coupon detail/search exclusion,NEWME Up To 70% OFF Sitewide + Free Shipping Above Rs.999 | CouponPush
https://couponpush.com/coupon/43/,noindex,intentional coupon detail/search exclusion,boAt 10% Off on Selected Products | CouponPush
https://couponpush.com/coupon/430/,noindex,intentional coupon detail/search exclusion,Pilgrim Up To 35% OFF Sitewide Collection | CouponPush
https://couponpush.com/coupon/431/,noindex,intentional coupon detail/search exclusion,PilgrimTRIBE Loyalty Rewards + Ambassador Discounts | CouponPush
https://couponpush.com/coupon/432/,noindex,intentional coupon detail/search exclusion,Plum Free Full-Size Product on Orders Above Rs.999 | CouponPush
https://couponpush.com/coupon/433/,noindex,intentional coupon detail/search exclusion,Plum Any 3 at 20% OFF | CouponPush
https://couponpush.com/coupon/434/,noindex,intentional coupon detail/search exclusion,Plum Free Travel-Size Perfume Above Rs.699 + Body Mist Above Rs.1599 | CouponPush
https://couponpush.com/coupon/435/,noindex,intentional coupon detail/search exclusion,Snitch Flat 15% OFF Above Rs.2999 - Code FLAT15 | CouponPush
https://couponpush.com/coupon/436/,noindex,intentional coupon detail/search exclusion,Snitch Flat 10% OFF First App Purchase - Code APP10 | CouponPush
https://couponpush.com/coupon/437/,noindex,intentional coupon detail/search exclusion,Snitch Flat 15% OFF Sitewide - Code BFCM15 | CouponPush
https://couponpush.com/coupon/438/,noindex,intentional coupon detail/search exclusion,Snitch Flat 10% OFF Above Rs.1999 - Code FLAT10 | CouponPush
https://couponpush.com/coupon/439/,noindex,intentional coupon detail/search exclusion,SnitchX Membership - Free Shipping + Early Access + Gifts | CouponPush
https://couponpush.com/coupon/44/,noindex,intentional coupon detail/search exclusion,boAt 5% Off on Prepaid Orders (Alternate Code) | CouponPush
https://couponpush.com/coupon/440/,noindex,intentional coupon detail/search exclusion,Snitch Save Rs.100 COD Fee on Prepaid Orders | CouponPush
https://couponpush.com/coupon/441/,noindex,intentional coupon detail/search exclusion,The Derma Co Buy 2 Get 2 Free - Code B2G2 | CouponPush
https://couponpush.com/coupon/442/,noindex,intentional coupon detail/search exclusion,The Derma Co Buy Any 3 Pay for 2 - Code B3P2 | CouponPush
https://couponpush.com/coupon/443/,noindex,intentional coupon detail/search exclusion,The Derma Co 2 Bestsellers Free Above Rs.599 - Code 2FREEBIE | CouponPush
https://couponpush.com/coupon/444/,noindex,intentional coupon detail/search exclusion,The Derma Co Up To 35% OFF + 2 Freebies Above Rs.899 - Code MEGAOFFER | CouponPush
https://couponpush.com/coupon/445/,noindex,intentional coupon detail/search exclusion,The Derma Co Buy Any 2 @ Rs.799 - Code RUSH799 | CouponPush
https://couponpush.com/coupon/446/,noindex,intentional coupon detail/search exclusion,The Derma Co Wallet Cashback Within 24 Hours of Delivery | CouponPush
https://couponpush.com/coupon/447/,noindex,intentional coupon detail/search exclusion,Blinkit: 10% off up to Rs.250 with Axis Bank NEO | CouponPush
https://couponpush.com/coupon/448/,noindex,intentional coupon detail/search exclusion,Blinkit: Up to Rs.150 off on Saturdays with Axis AMEX | CouponPush
https://couponpush.com/coupon/449/,noindex,intentional coupon detail/search exclusion,Blinkit: 5% CashPoints with HDFC PIXEL Play Grocery pack | CouponPush
https://couponpush.com/coupon/45/,noindex,intentional coupon detail/search exclusion,boAt Sale Day Up to 80% Off | CouponPush
https://couponpush.com/coupon/46/,noindex,intentional coupon detail/search exclusion,boAt 5% Off on Prepaid Orders (Alternate) | CouponPush
https://couponpush.com/category/beauty-health/,indexable,indexable,Best Beauty & Health Coupons & Offers | CouponPush
https://couponpush.com/category/bus-tickets/,indexable,indexable,Best Bus Tickets Coupons & Offers | CouponPush
https://couponpush.com/category/electronics/,indexable,indexable,Best Electronics Coupons & Offers | CouponPush
https://couponpush.com/category/fashion-lifestyle/,indexable,indexable,Best Fashion & Lifestyle Coupons & Offers | CouponPush
https://couponpush.com/category/grocery/,indexable,indexable,Best Grocery Coupons & Offers | CouponPush
https://couponpush.com/category/skincare-cleansers/,indexable,indexable,Best Skincare / Cleansers Coupons & Offers | CouponPush
https://couponpush.com/category/smart-tvs/,indexable,indexable,Best Smart TVs Coupons & Offers | CouponPush
https://couponpush.com/blog/embed/,indexable,indexable,Share CouponPush | CouponPush Blog
https://couponpush.com/blog/research/india-coupon-report-2026.html,indexable,indexable,Understanding coupon savings | CouponPush Blog
https://couponpush.com/blog/stores/,indexable,indexable,Explore stores | CouponPush Blog
https://couponpush.com/blog/tools/savings-calculator.html,indexable,indexable,Savings calculator | CouponPush Blog
https://couponpush.com/blog/category/coupon-guides/,indexable,indexable,Coupon guides | CouponPush Blog
https://couponpush.com/blog/articles/myntra-first-order-coupon/,indexable,indexable,Myntra First-Order Coupon: Eligibility and Steps | CouponPush
